angle0, angle1, x, y, theta
10.0000000,11.0000000,595.0580475,817.4643799,0.0077617
109.0000000,63.0000000,496.1317365,1158.9131737,0.6421965
11.0000000,170.0000000,390.0937500,1204.4630682,1.3722266
18.0000000,11.0000000,539.4186667,1077.2186667,0.7501304
108.0000000,84.0000000,475.4088235,1193.3705882,0.7844598
57.0000000,100.0000000,497.6235294,1154.5794118,0.8268514
27.0000000,26.0000000,589.9108696,915.1456522,0.1748507
122.0000000,143.0000000,330.4309392,1301.9337017,1.2536938
115.0000000,85.0000000,445.0586420,1232.4475309,0.8375781
152.0000000,152.0000000,258.5629630,1337.5481481,1.3703518
181.0000000,88.0000000,323.2072072,1331.0270270,0.9838786
18.0000000,149.0000000,431.8719512,1187.6829268,1.1989544
54.0000000,18.0000000,577.1221719,985.7036199,0.2665351
3.0000000,177.0000000,390.4777448,1188.9465875,1.4116412
19.0000000,117.0000000,512.9304348,1105.4000000,0.9059628
45.0000000,50.0000000,565.9501247,1009.6284289,0.4207171
117.0000000,37.0000000,527.7637363,1104.4862637,0.4114982
175.0000000,101.0000000,320.4174757,1333.7540453,1.0281875
22.0000000,154.0000000,417.3125000,1204.0029762,1.2465387
11.0000000,42.0000000,578.4838710,978.7612903,0.4186253
20.0000000,111.0000000,526.9854227,1086.6326531,0.8206997
177.0000000,91.0000000,341.9846626,1318.4171779,0.9669616
167.0000000,148.0000000,242.0052770,1347.8733509,1.3449636
84.0000000,117.0000000,432.7437500,1237.2875000,1.0105637
178.0000000,72.0000000,372.6078431,1296.7254902,0.8356769
55.0000000,155.0000000,378.8245125,1251.5766017,1.2836976
6.0000000,151.0000000,436.2400932,1175.9044289,1.2108244
100.0000000,131.0000000,397.7851459,1253.3793103,1.1291964
57.0000000,113.0000000,479.6338462,1175.6092308,0.9281175
19.0000000,36.0000000,586.9327146,914.5498840,0.2382013
92.0000000,98.0000000,472.6397516,1202.1149068,0.8481983
3.0000000,154.0000000,442.8923077,1171.4092308,1.1962788
94.0000000,142.0000000,378.2880435,1260.7500000,1.2123952
119.0000000,155.0000000,309.9009901,1303.5891089,1.3602363
15.0000000,55.0000000,579.9346247,942.3680387,0.3846134
58.0000000,99.0000000,513.2416918,1134.9667674,0.7867636
23.0000000,4.0000000,599.7869318,865.4829545,0.0309745
173.0000000,94.0000000,347.6272727,1315.5484848,0.9697157
139.0000000,140.0000000,310.1566265,1320.7500000,1.2481912
165.0000000,31.0000000,447.6381215,1221.1850829,0.5451296
162.0000000,174.0000000,186.5298013,1347.4602649,-1.5682282
4.0000000,22.0000000,470.1812298,1186.6699029,0.8849626
65.0000000,170.0000000,344.4424084,1255.8167539,1.4204484
37.0000000,97.0000000,522.4680233,1111.0930233,0.7857511
146.0000000,177.0000000,207.5017668,1340.1060071,-1.5653198
66.0000000,136.0000000,419.7400000,1231.1366667,1.1226543
59.0000000,0.0000000,585.0000000,925.0000000,0.0097508
6.0000000,131.0000000,505.1918239,1107.4025157,0.9763152
73.0000000,160.0000000,358.5198864,1260.7187500,1.3581852
108.0000000,172.0000000,277.4193548,1299.8978495,1.5086991
92.0000000,128.0000000,401.2466667,1260.8300000,1.1031183
141.0000000,102.0000000,396.5732087,1273.3052960,0.9598938
12.0000000,76.0000000,560.6631854,1005.7989556,0.5584671
104.0000000,44.0000000,534.5863874,1091.6753927,0.4297387
62.0000000,116.0000000,472.8695652,1184.0668896,0.9328420
108.0000000,157.0000000,314.8720000,1300.9573333,1.3535192
64.0000000,74.0000000,528.8693009,1111.1945289,0.6460611
88.0000000,145.0000000,382.7871720,1262.9504373,1.2094669
169.0000000,177.0000000,161.6218182,1345.8181818,-1.5074533
87.0000000,65.0000000,522.0548303,1124.7284595,0.5931408
79.0000000,79.0000000,514.7989276,1134.8257373,0.6629660
138.0000000,128.0000000,349.1178248,1298.3655589,1.1334734
165.0000000,107.0000000,335.9630390,1317.6242300,1.0455360
96.0000000,1.0000000,565.8771499,987.2850123,0.0805020
94.0000000,114.0000000,450.1784990,1221.1967546,0.9667074
6.0000000,35.0000000,593.7850467,856.5560748,0.1887079
44.0000000,125.0000000,483.1471471,1147.2312312,0.9749782
26.0000000,163.0000000,409.4558405,1195.3618234,1.3024973
146.0000000,9.0000000,506.5870647,1124.5199005,0.3054140
128.0000000,86.0000000,447.4939467,1231.2760291,0.8069805
18.0000000,9.0000000,572.6923077,938.2785146,0.1185462
26.0000000,53.0000000,573.2972973,968.0024570,0.3874561
120.0000000,9.0000000,548.3764988,1049.1031175,0.2045722
142.0000000,141.0000000,316.4273743,1308.2430168,1.2599325
36.0000000,181.0000000,328.8203593,1248.1197605,1.5235262
106.0000000,28.0000000,540.8426150,1074.5496368,0.3298984
163.0000000,88.0000000,376.6923077,1298.4000000,0.8885588
107.0000000,164.0000000,291.9269006,1303.1111111,1.4149188
112.0000000,141.0000000,344.7079890,1287.4738292,1.2621477
12.0000000,48.0000000,582.9033019,912.4316038,0.3250403
158.0000000,78.0000000,424.3102725,1274.1844864,0.7986247
44.0000000,26.0000000,585.9420601,950.7725322,0.1697875
164.0000000,162.0000000,204.0558252,1349.0461165,1.4700884
12.0000000,47.0000000,570.4606987,996.8930131,0.4087048
27.0000000,36.0000000,583.7206573,922.3732394,0.2654917
76.0000000,148.0000000,393.4740260,1243.8084416,1.2192055
172.0000000,45.0000000,425.3470588,1252.7058824,0.6467251
39.0000000,89.0000000,530.1386431,1096.2625369,0.7255520
153.0000000,170.0000000,211.5661017,1338.5050847,1.5526396
48.0000000,126.0000000,459.6896552,1190.4712644,1.0457151
3.0000000,18.0000000,583.3680982,926.7546012,0.3844508
33.0000000,12.0000000,596.6470588,859.5574230,0.0254284
85.0000000,94.0000000,488.1975309,1173.6234568,0.8010270
40.0000000,77.0000000,542.3351801,1068.5817175,0.6157097
176.0000000,63.0000000,391.5535714,1281.9166667,0.7688829
38.0000000,89.0000000,530.2477341,1098.4833837,0.7217872
3.0000000,166.0000000,417.3372434,1180.7360704,1.3106558
75.0000000,44.0000000,546.0302419,1048.4254032,0.4155305
124.0000000,61.0000000,504.6432292,1174.6432292,0.6208863
122.0000000,181.0000000,245.0000000,1310.5000000,-1.5704399
78.0000000,4.0000000,564.8597701,1019.4873563,0.2540746
33.0000000,19.0000000,590.5704057,888.1622912,0.0627676
120.0000000,34.0000000,525.6822917,1098.7239583,0.3871160
130.0000000,174.0000000,253.0089552,1312.0865672,1.5229290
90.0000000,112.0000000,444.8517699,1227.8606195,0.9481590
57.0000000,22.0000000,580.8880407,953.6539440,0.1660544
25.0000000,115.0000000,515.3988095,1105.2916667,0.8584003
84.0000000,85.0000000,502.0322581,1147.4633431,0.7499574
39.0000000,168.0000000,376.4794118,1229.3058824,1.3744647
126.0000000,1.0000000,538.1995192,1062.5288462,0.1827623
2.0000000,62.0000000,575.5889423,950.7283654,0.4351870
102.0000000,1.0000000,564.7350000,990.6500000,0.0925667
108.0000000,95.0000000,465.6590909,1207.1363636,0.8503238
94.0000000,16.0000000,558.2444444,1024.5234568,0.2107502
153.0000000,32.0000000,477.7677054,1176.6543909,0.4835374
20.0000000,31.0000000,578.0775681,982.5136268,0.2475307
59.0000000,161.0000000,385.9801700,1232.6317280,1.3217123
17.0000000,40.0000000,570.7009346,981.6471963,0.4767296
150.0000000,31.0000000,487.8288770,1165.8181818,0.4587839
45.0000000,162.0000000,383.0222841,1234.4818942,1.3212684
139.0000000,158.0000000,276.2985075,1322.6805970,1.4340051
38.0000000,117.0000000,493.3366667,1148.9133333,0.9192503
117.0000000,132.0000000,382.6396104,1272.5974026,1.1446704
25.0000000,3.0000000,551.6481481,974.9398148,0.4174070
64.0000000,60.0000000,554.9665810,1045.8740360,0.4832041
162.0000000,138.0000000,280.5697329,1337.1364985,1.2494865
65.0000000,26.0000000,578.8312958,970.4205379,0.2018378
112.0000000,114.0000000,429.8983051,1239.6920904,0.9669715
16.0000000,35.0000000,590.2688679,884.5518868,0.1885514
113.0000000,152.0000000,329.9879880,1302.2312312,1.3100537
152.0000000,8.0000000,500.5283951,1147.9506173,0.3337227
106.0000000,53.0000000,522.1024096,1133.6867470,0.5114257
38.0000000,121.0000000,484.7810458,1157.5163399,0.9500434
86.0000000,147.0000000,375.1942675,1258.3121019,1.2590421
127.0000000,93.0000000,437.9009709,1243.6427184,0.8859337
78.0000000,175.0000000,305.9723757,1281.2458564,1.4844169
60.0000000,50.0000000,547.9533469,1053.0486815,0.4579487
9.0000000,140.0000000,482.4113924,1133.5094937,1.0510531
123.0000000,156.0000000,311.6083333,1301.1861111,1.3524351
110.0000000,22.0000000,534.8030303,1079.0984848,0.2979759
164.0000000,72.0000000,403.3323171,1274.7743902,0.7744620
115.0000000,24.0000000,535.4000000,1073.3382716,0.3048251
118.0000000,172.0000000,279.9411765,1306.0529412,1.4864697
41.0000000,38.0000000,550.1284635,1055.3073048,0.6198739
105.0000000,156.0000000,334.1396011,1287.1367521,1.3248229
96.0000000,54.0000000,520.2291105,1122.1563342,0.5312223
72.0000000,133.0000000,435.3800623,1222.4330218,1.0669293
8.0000000,161.0000000,420.0531250,1193.3437500,1.2811010
95.0000000,12.0000000,562.9801980,1008.3787129,0.1606884
43.0000000,125.0000000,478.9652778,1166.4861111,0.9775232
31.0000000,79.0000000,544.4738292,1058.4297521,0.6456146
109.0000000,42.0000000,532.2405405,1097.8351351,0.4254996
33.0000000,92.0000000,531.5271084,1087.2048193,0.7171416
113.0000000,27.0000000,542.5503686,1067.4398034,0.3084063
121.0000000,69.0000000,489.7155172,1176.6005747,0.6506565
50.0000000,153.0000000,405.1432749,1230.3713450,1.2323449
161.0000000,170.0000000,204.0730994,1341.3128655,1.5459064
31.0000000,131.0000000,469.0963542,1164.7421875,1.1059162
98.0000000,20.0000000,562.3010204,1031.5255102,0.2194636
163.0000000,177.0000000,182.0000000,1343.0000000,-1.5634532
178.0000000,52.0000000,377.0415335,1284.3003195,0.7516790
137.0000000,137.0000000,325.9131737,1308.8952096,1.2139982
83.0000000,98.0000000,473.9456193,1192.4018127,0.8717041
43.0000000,5.0000000,596.5000000,878.0000000,0.0105637
149.0000000,95.0000000,396.3095238,1276.7275132,0.9161002
154.0000000,42.0000000,462.1030303,1208.1454545,0.5700311
20.0000000,40.0000000,569.3956443,1001.2522686,0.3330244
124.0000000,131.0000000,360.0721311,1291.8032787,1.1567135
76.0000000,141.0000000,387.4496124,1242.3372093,1.1798054
68.0000000,85.0000000,504.5479042,1146.1257485,0.7601134
27.0000000,5.0000000,593.5524476,842.9615385,-0.0111145
49.0000000,29.0000000,585.8278302,932.9858491,0.1809528
85.0000000,164.0000000,341.4861111,1270.4500000,1.3787925
56.0000000,172.0000000,342.3361345,1256.3137255,1.4403833
130.0000000,19.0000000,518.4076923,1101.9974359,0.3168949
134.0000000,64.0000000,475.3764368,1191.7844828,0.6377316
156.0000000,65.0000000,438.6245847,1245.4485050,0.7132841
114.0000000,94.0000000,442.7096019,1232.5409836,0.9045333
47.0000000,5.0000000,591.5918367,886.0306122,0.0244117
139.0000000,146.0000000,303.8233696,1315.6739130,1.2985437
28.0000000,77.0000000,552.2572254,1035.5780347,0.6072803
160.0000000,116.0000000,332.3411458,1314.3541667,1.1167584
136.0000000,67.0000000,461.7089783,1221.6749226,0.7098517
132.0000000,128.0000000,358.5169231,1290.5784615,1.1293441
173.0000000,144.0000000,234.0025641,1353.2948718,1.3631125
44.0000000,132.0000000,450.5948553,1193.5466238,1.0865107
99.0000000,51.0000000,526.3333333,1102.7107438,0.4969521
69.0000000,72.0000000,530.7709360,1105.9926108,0.5900260
10.0000000,132.0000000,489.5673981,1134.9435737,1.0110388
142.0000000,41.0000000,493.4904110,1161.6465753,0.4937601
89.0000000,29.0000000,555.0652174,1036.9106280,0.2851083
81.0000000,43.0000000,552.4643799,1053.7651715,0.3689495
7.0000000,83.0000000,558.4986150,1014.7534626,0.6104717
173.0000000,149.0000000,224.4246231,1348.4045226,1.4019897
119.0000000,112.0000000,401.2599278,1261.5631769,1.0248888
83.0000000,48.0000000,544.8314351,1071.1640091,0.4446361
83.0000000,115.0000000,462.7867868,1209.1831832,0.9574636
21.0000000,86.0000000,549.9202279,1048.2564103,0.6514179
140.0000000,4.0000000,527.5012853,1088.7969152,0.2227126
137.0000000,67.0000000,471.4451220,1205.3384146,0.6676673
161.0000000,174.0000000,199.5000000,1345.5000000,-1.5439050
136.0000000,79.0000000,436.0728477,1243.9072848,0.8515764
138.0000000,36.0000000,493.4353933,1160.1264045,0.4790901
60.0000000,77.0000000,525.5630499,1101.6451613,0.6526152
111.0000000,179.0000000,260.5000000,1305.5000000,1.5650850
1.0000000,131.0000000,493.6724638,1118.7710145,1.0078587
43.0000000,10.0000000,586.6936937,951.3648649,0.2365591
142.0000000,118.0000000,364.3311475,1299.1475410,1.0513288
92.0000000,47.0000000,535.5778364,1091.1503958,0.4658324
132.0000000,39.0000000,510.2207447,1137.9255319,0.4528690
151.0000000,96.0000000,395.4589666,1280.6322188,0.9201323
8.0000000,23.0000000,569.9640288,973.4772182,0.2056547
3.0000000,91.0000000,554.4628099,1018.2286501,0.6588486
77.0000000,59.0000000,542.2759563,1077.8333333,0.5277346
135.0000000,25.0000000,513.9225000,1111.8425000,0.3573689
2.0000000,41.0000000,582.3340757,955.7661470,0.2992157
1.0000000,71.0000000,570.6250000,964.6901042,0.4992648
9.0000000,141.0000000,492.1103896,1126.5941558,1.0390535
143.0000000,85.0000000,434.6050096,1252.7533719,0.8369457
123.0000000,105.0000000,418.4256055,1249.2491349,0.9386354
153.0000000,70.0000000,437.9085366,1246.6676829,0.7516628
4.0000000,15.0000000,574.5429975,982.7813268,0.1427139
153.0000000,161.0000000,242.6384181,1337.6355932,1.4366173
17.0000000,37.0000000,606.7851240,1439.4710744,1.3582385
14.0000000,165.0000000,416.7975078,1187.2056075,1.3104371
76.0000000,85.0000000,507.2527473,1140.6950549,0.7409126
49.0000000,16.0000000,589.8212435,927.4145078,0.1037765
85.0000000,130.0000000,423.5739645,1232.1449704,1.0571223
91.0000000,133.0000000,410.3698225,1249.5177515,1.1059086
32.0000000,165.0000000,383.7027864,1221.8761610,1.3403557
155.0000000,56.0000000,451.1377246,1220.4401198,0.6484402
137.0000000,117.0000000,378.3333333,1285.8396226,1.0450098
75.0000000,178.0000000,294.4833948,1288.2878229,1.5270514
174.0000000,17.0000000,444.5286104,1216.8256131,0.4756829
121.0000000,44.0000000,511.8176796,1134.6325967,0.4729799
21.0000000,31.0000000,596.3549223,937.5673575,0.2312738
12.0000000,36.0000000,589.0217918,905.2445521,0.2248328
178.0000000,162.0000000,173.9859813,1352.4953271,1.5398455
94.0000000,11.0000000,568.2532982,1007.3298153,0.1605184
146.0000000,47.0000000,477.9222222,1185.9000000,0.5537743
116.0000000,67.0000000,490.7305389,1178.9640719,0.6548507
11.0000000,18.0000000,588.4806378,916.0660592,0.1120942
64.0000000,155.0000000,398.0900901,1226.1681682,1.2532847
151.0000000,11.0000000,502.7512195,1144.3756098,0.3345335
104.0000000,97.0000000,462.5636943,1214.6847134,0.8597770
52.0000000,151.0000000,406.5186246,1228.1260745,1.2218587
179.0000000,146.0000000,221.4743590,1356.5025641,1.3622197
44.0000000,101.0000000,511.6480938,1127.0234604,0.8014564
161.0000000,73.0000000,421.3014440,1264.0776173,0.7849141
2.0000000,115.0000000,523.1176471,1081.5490196,0.8632974
140.0000000,31.0000000,507.8232190,1134.7071240,0.4138741
63.0000000,38.0000000,564.1567164,1014.0049751,0.3224764
165.0000000,28.0000000,462.7552632,1195.6078947,0.4869114
86.0000000,177.0000000,296.0541401,1276.4299363,1.5201240
35.0000000,116.0000000,501.2164948,1131.2989691,0.9196989
171.0000000,128.0000000,285.1131579,1338.0000000,1.2144379
162.0000000,6.0000000,466.9892473,1182.1451613,0.3848241
102.0000000,54.0000000,518.7344173,1121.5230352,0.5317816
11.0000000,33.0000000,587.8060046,893.6374134,0.2109980
14.0000000,89.0000000,554.2339181,1023.8538012,0.6556596
11.0000000,21.0000000,591.4549550,869.1576577,0.1255813
51.0000000,141.0000000,443.7619048,1201.6101190,1.1312546
144.0000000,22.0000000,503.2838875,1138.3554987,0.3831748
0.0000000,140.0000000,479.1072555,1132.2555205,1.0565169
117.0000000,65.0000000,492.8532609,1160.3913043,0.6501170
73.0000000,87.0000000,508.0542169,1151.5451807,0.7248253
175.0000000,19.0000000,450.0741758,1210.5659341,0.4742059
115.0000000,143.0000000,352.4567568,1283.9216216,1.2343602
17.0000000,45.0000000,588.4300000,917.5200000,0.3249904
65.0000000,122.0000000,470.5586420,1189.1697531,0.9852790
6.0000000,138.0000000,477.6645963,1139.9192547,1.0587144
139.0000000,9.0000000,520.8939759,1094.1060241,0.2711429
154.0000000,104.0000000,380.0775862,1290.5452586,0.9939093
127.0000000,150.0000000,312.2324930,1311.5518207,1.3071065
75.0000000,38.0000000,557.6907731,1029.8703242,0.3496239
75.0000000,146.0000000,402.0411392,1236.9303797,1.1966839
56.0000000,37.0000000,567.5264550,995.8439153,0.3276609
172.0000000,150.0000000,226.3578947,1354.2289474,1.3626930
151.0000000,163.0000000,223.0171429,1336.4885714,1.4561346
77.0000000,107.0000000,473.4188312,1193.4480519,0.9120327
132.0000000,69.0000000,478.0324324,1194.9702703,0.6827938
105.0000000,107.0000000,450.0341365,1228.5983936,0.9343115
115.0000000,8.0000000,548.3460621,1045.2267303,0.1934088
168.0000000,148.0000000,247.0976864,1345.4113111,1.3523365
58.0000000,63.0000000,550.8053333,1051.8320000,0.5257088
131.0000000,173.0000000,247.9692737,1319.5949721,1.5286570
125.0000000,169.0000000,252.4015957,1317.4441489,1.5147833
21.0000000,59.0000000,575.8940568,954.1214470,0.4215827
172.0000000,147.0000000,238.9090909,1349.3903743,1.3717690
170.0000000,102.0000000,326.1981707,1326.6341463,1.0450307
2.0000000,156.0000000,439.0418251,1186.1977186,1.2535307
180.0000000,85.0000000,354.5316456,1312.3227848,0.9124302
153.0000000,82.0000000,407.1543408,1269.3633441,0.8438484
85.0000000,135.0000000,400.1957831,1253.3644578,1.1277007
43.0000000,54.0000000,570.4947644,1009.4607330,0.4361652
152.0000000,84.0000000,426.2016807,1261.9495798,0.8221882
140.0000000,46.0000000,478.9426934,1177.1833811,0.5515455
51.0000000,164.0000000,375.5256065,1238.2291105,1.3437465
149.0000000,174.0000000,223.5000000,1329.0000000,1.5570644
88.0000000,40.0000000,542.4688279,1061.3965087,0.3860919
139.0000000,152.0000000,298.4540230,1319.2873563,1.3300304
181.0000000,157.0000000,192.1835294,1357.6894118,1.4714591
158.0000000,152.0000000,233.8857868,1342.8375635,1.4077838
18.0000000,52.0000000,573.9587379,983.2378641,0.3817399
11.0000000,50.0000000,583.2789598,922.5791962,0.3218511
107.0000000,181.0000000,256.5000000,1304.0000000,-1.5700132
0.0000000,93.0000000,553.7226891,1011.1512605,0.6731506
38.0000000,131.0000000,477.7993528,1159.4368932,1.0143459
92.0000000,46.0000000,540.4791155,1077.1867322,0.4349461
69.0000000,17.0000000,578.2305825,960.6796117,0.1385725
26.0000000,170.0000000,393.0422961,1206.3776435,1.3668989
102.0000000,20.0000000,551.8203883,1040.9951456,0.2393862
28.0000000,58.0000000,570.3350384,992.9053708,0.4304507
37.0000000,69.0000000,558.7090909,1022.7194805,0.5156144
97.0000000,157.0000000,333.0526316,1288.4819945,1.3406323
0.0000000,171.0000000,396.0138889,1194.7611111,1.3809640
145.0000000,124.0000000,351.0121212,1300.5878788,1.1303386
100.0000000,164.0000000,307.0124611,1304.3302181,1.4022051
105.0000000,73.0000000,492.0062893,1173.2295597,0.6896531
95.0000000,23.0000000,555.6895674,1041.1246819,0.2536445
102.0000000,171.0000000,300.9587021,1292.5516224,1.4571168
112.0000000,80.0000000,474.5290698,1198.8255814,0.7660820
88.0000000,9.0000000,572.8697917,992.4088542,0.1296276
110.0000000,109.0000000,441.3225108,1234.2337662,0.9255289
137.0000000,123.0000000,362.8927536,1296.7014493,1.1083613
88.0000000,69.0000000,522.7126761,1132.8591549,0.6342893
64.0000000,29.0000000,570.0400000,977.3700000,0.2461684
177.0000000,65.0000000,389.3720930,1289.2823920,0.7897980
157.0000000,149.0000000,259.8659218,1339.7122905,1.3565604
107.0000000,13.0000000,553.0874036,1033.6683805,0.1962289
41.0000000,72.0000000,549.2824207,1048.1037464,0.5681716
54.0000000,109.0000000,501.5650888,1141.2899408,0.8637580
147.0000000,72.0000000,448.5687500,1232.4281250,0.7529232
181.0000000,116.0000000,284.9268868,1344.1250000,1.1326542
162.0000000,160.0000000,214.9153005,1344.5519126,1.4593924
159.0000000,136.0000000,270.8869565,1337.5855072,1.2972999
60.0000000,10.0000000,585.1235431,919.6876457,0.0817712
98.0000000,38.0000000,547.1897810,1050.2579075,0.3417304
35.0000000,133.0000000,470.2901235,1166.4259259,1.0391136
139.0000000,109.0000000,392.4258065,1269.4032258,1.0111262
141.0000000,102.0000000,402.1164179,1270.7253731,0.9856975
88.0000000,180.0000000,281.4489796,1292.6224490,1.5374384
4.0000000,85.0000000,562.0171429,995.0800000,0.6072553
38.0000000,43.0000000,579.0078329,951.8590078,0.3101722
132.0000000,21.0000000,527.1391753,1092.3556701,0.2981626
23.0000000,30.0000000,582.2444444,949.8200000,0.2054668
105.0000000,32.0000000,545.7744361,1060.7268170,0.3436071
44.0000000,28.0000000,581.2163462,950.0625000,0.2089919
9.0000000,132.0000000,499.4730159,1118.1142857,0.9851521
79.0000000,38.0000000,551.7714932,1032.2194570,0.3543812
60.0000000,51.0000000,562.8746803,1030.4603581,0.4107225
6.0000000,164.0000000,425.5238095,1177.1071429,1.2800739
47.0000000,58.0000000,561.5094340,1027.4177898,0.4803599
170.0000000,133.0000000,275.0426065,1337.5864662,1.2431199
101.0000000,180.0000000,254.5000000,1309.5000000,1.5631544
21.0000000,127.0000000,493.1960227,1135.0539773,0.9818888
181.0000000,117.0000000,286.2207792,1339.6207792,1.1417320
70.0000000,110.0000000,474.2169811,1190.7012579,0.9033390
133.0000000,165.0000000,266.3458445,1319.9812332,1.4419034
17.0000000,125.0000000,496.2483871,1135.3612903,0.9726431
68.0000000,47.0000000,557.8552339,1028.7839644,0.3895550
177.0000000,177.0000000,148.0000000,1352.0000000,-1.5419684
36.0000000,23.0000000,491.7570093,1144.6495327,0.7656585
99.0000000,127.0000000,421.5240964,1233.7349398,1.0362960
63.0000000,59.0000000,551.3636364,1053.5133690,0.5005401
154.0000000,146.0000000,277.9447115,1330.5456731,1.2815682
87.0000000,19.0000000,563.8481013,1005.2151899,0.1831631
161.0000000,101.0000000,364.0536913,1301.8422819,0.9585741
22.0000000,57.0000000,571.6956522,1015.8717391,0.4281847
167.0000000,146.0000000,249.2507042,1348.4056338,1.3596278
7.0000000,159.0000000,418.4473684,1188.0116959,1.2810665
14.0000000,86.0000000,555.4380165,1031.5509642,0.6537506
25.0000000,108.0000000,525.9588608,1090.6740506,0.8039226
146.0000000,59.0000000,470.2052023,1202.3583815,0.6314434
181.0000000,90.0000000,341.2258065,1319.8064516,0.9442208
141.0000000,6.0000000,520.4764398,1107.9895288,0.2674397
148.0000000,180.0000000,214.0958904,1331.3945205,-1.5382567
97.0000000,91.0000000,480.5928339,1189.7003257,0.8199062
85.0000000,27.0000000,582.0058651,1024.2199413,0.2697445
129.0000000,125.0000000,385.1329305,1276.5377644,1.0837007
143.0000000,64.0000000,462.0155763,1218.3644860,0.6950664
78.0000000,45.0000000,554.0967742,1055.5430108,0.4093388
11.0000000,177.0000000,385.6548673,1201.6784661,1.4091113
32.0000000,36.0000000,553.5669291,1058.5800525,0.6349099
100.0000000,144.0000000,372.7828571,1272.6971429,1.1922584
174.0000000,131.0000000,272.9723618,1342.9346734,1.2512738
112.0000000,140.0000000,357.1238390,1285.3684211,1.1903470
93.0000000,78.0000000,503.3700306,1159.4923547,0.7097900
5.0000000,56.0000000,579.8140097,927.1932367,0.3565802
90.0000000,173.0000000,302.9389068,1279.8713826,1.4554814
141.0000000,30.0000000,498.2981030,1150.0840108,0.4294854
96.0000000,19.0000000,557.5930521,1021.9900744,0.2080102
12.0000000,114.0000000,521.9006211,1084.9720497,0.8415970
169.0000000,57.0000000,424.8125000,1255.6250000,0.6997727
79.0000000,104.0000000,469.3032258,1194.6741935,0.8888626
21.0000000,120.0000000,503.3053892,1124.1616766,0.9209993
155.0000000,113.0000000,356.5926966,1301.8960674,1.0741547
108.0000000,117.0000000,416.8243626,1254.2577904,1.0086159
46.0000000,69.0000000,554.2169312,1047.4814815,0.5419208
117.0000000,4.0000000,554.8470874,1023.3058252,0.1448157
48.0000000,30.0000000,581.1051345,959.0953545,0.2140992
2.0000000,62.0000000,577.0356295,946.4275534,0.4267877
76.0000000,130.0000000,432.6388889,1235.1840278,1.0766300
18.0000000,118.0000000,506.6613924,1121.0664557,0.9101156
34.0000000,48.0000000,570.5245098,974.7867647,0.3727790
20.0000000,84.0000000,553.1139601,1035.6752137,0.6123083
20.0000000,149.0000000,454.3925234,1167.5545171,1.1484845
9.0000000,72.0000000,568.7741047,995.5013774,0.5378734
18.0000000,179.0000000,384.9285714,1196.8114286,1.4202910
35.0000000,45.0000000,557.8738095,1051.6523810,0.5865133
152.0000000,130.0000000,327.1946667,1309.7733333,1.1619693
170.0000000,35.0000000,432.8542274,1237.0903790,0.5846813
158.0000000,84.0000000,398.2151515,1281.0878788,0.8495018
116.0000000,128.0000000,373.3876923,1279.9323077,1.1189474
12.0000000,108.0000000,521.6220238,1088.7976190,0.8324242
143.0000000,139.0000000,319.4956012,1309.8475073,1.2535556
76.0000000,103.0000000,476.6990881,1187.8480243,0.8840760
95.0000000,113.0000000,450.3700190,1225.2542694,0.9495762
170.0000000,181.0000000,149.4428152,1350.8211144,-1.5049702
175.0000000,53.0000000,389.7190332,1279.9214502,0.7356590
161.0000000,103.0000000,345.9819277,1308.2981928,1.0075434
13.0000000,109.0000000,522.0639535,1091.1831395,0.8372324
23.0000000,129.0000000,489.1069364,1133.4566474,0.9838656
152.0000000,150.0000000,277.9171123,1325.1951872,1.3494043
90.0000000,80.0000000,498.8337950,1150.6343490,0.7273252
147.0000000,0.0000000,510.1532258,1104.7768817,0.2473778
132.0000000,0.0000000,531.0500000,1072.9000000,0.1953650
60.0000000,92.0000000,516.6902655,1135.6017699,0.7555249
175.0000000,56.0000000,413.0963855,1273.9337349,0.7303172
64.0000000,109.0000000,477.7347670,1182.7598566,0.9139936
11.0000000,13.0000000,582.5882353,922.2832244,0.3655239
123.0000000,96.0000000,444.8343816,1237.5241090,0.9131770
29.0000000,9.0000000,596.5104167,853.0104167,0.0193118
161.0000000,70.0000000,426.8013393,1256.0714286,0.7920004
55.0000000,9.0000000,586.7276995,911.6525822,0.0478278
1.0000000,139.0000000,489.7063712,1116.4515235,1.0393242
11.0000000,169.0000000,412.9658385,1182.7515528,1.3311511
171.0000000,18.0000000,458.7849741,1195.0466321,0.4506001
31.0000000,170.0000000,377.1299094,1229.1450151,1.3705830
168.0000000,51.0000000,433.7515723,1244.0125786,0.6608840
54.0000000,170.0000000,345.7542373,1253.9519774,1.4174672
102.0000000,143.0000000,370.1750742,1268.6468843,1.2382409
134.0000000,9.0000000,524.2005076,1093.6472081,0.2647096
83.0000000,112.0000000,460.3277027,1204.7128378,0.9269203
87.0000000,111.0000000,459.5946844,1204.9036545,0.9273471
163.0000000,144.0000000,264.6149584,1337.8864266,1.3324637
57.0000000,112.0000000,479.7266667,1172.5333333,0.9235645
128.0000000,6.0000000,529.3898734,1063.5696203,0.2168682
167.0000000,22.0000000,461.6617211,1188.5608309,0.4552770
32.0000000,172.0000000,371.7597765,1225.7067039,1.3979583
171.0000000,50.0000000,430.0381232,1250.9824047,0.6662389
172.0000000,170.0000000,191.2211838,1347.5950156,1.5563376
48.0000000,58.0000000,564.0888889,1016.8296296,0.4719496
177.0000000,56.0000000,414.2329897,1275.3010309,0.7155449
28.0000000,32.0000000,555.4182692,1038.1706731,0.3114215
64.0000000,6.0000000,582.2615012,927.7457627,0.0704088
152.0000000,65.0000000,449.6422287,1228.5425220,0.7105689
66.0000000,67.0000000,531.4176471,1095.1558824,0.5976364
64.0000000,151.0000000,400.0277778,1236.0648148,1.2367548
103.0000000,162.0000000,321.0275482,1287.5537190,1.4082951
1.0000000,86.0000000,550.7819149,995.2021277,0.6100056
107.0000000,101.0000000,452.2990354,1219.4951768,0.8889749
109.0000000,5.0000000,546.4773270,1033.8711217,0.1589493
54.0000000,123.0000000,471.8603774,1190.9962264,0.9665945
96.0000000,23.0000000,547.5317647,1039.0164706,0.2542145
155.0000000,79.0000000,413.1670702,1279.7021792,0.7929683
55.0000000,104.0000000,484.9470588,1156.7264706,0.8606063
162.0000000,13.0000000,475.7915567,1167.2321900,0.3746202
178.0000000,116.0000000,290.1160714,1343.2886905,1.1319205
107.0000000,168.0000000,270.0213333,1315.9146667,1.4630333
98.0000000,129.0000000,384.0225989,1266.7457627,1.1484724
96.0000000,174.0000000,281.8316583,1301.9974874,1.5043018
121.0000000,96.0000000,435.2357564,1248.2043222,0.9151134
127.0000000,77.0000000,458.5617647,1217.7441176,0.7595524
90.0000000,95.0000000,471.8750000,1197.1636905,0.8230375
130.0000000,181.0000000,229.5000000,1324.0000000,1.5700971
88.0000000,110.0000000,447.2003891,1223.1245136,0.9683710
57.0000000,41.0000000,561.1066667,997.9400000,0.3319837
78.0000000,31.0000000,547.7860781,1004.8913413,0.2817264
37.0000000,171.0000000,373.0231884,1227.6898551,1.3857716
162.0000000,88.0000000,383.5802048,1294.0511945,0.8988042
170.0000000,8.0000000,451.7565445,1196.3926702,0.4079523
43.0000000,153.0000000,405.4154303,1224.0326409,1.2288839
99.0000000,66.0000000,509.1788618,1148.7886179,0.6274981
10.0000000,40.0000000,576.8891509,904.3844340,0.2325279
28.0000000,122.0000000,500.1885714,1111.4628571,0.9156938
178.0000000,87.0000000,346.6328358,1322.1522388,0.9299799
45.0000000,62.0000000,548.4406332,1044.4643799,0.4978128
70.0000000,51.0000000,544.1284635,1052.9219144,0.4573405
122.0000000,2.0000000,549.1909385,1042.7216828,0.1420832
99.0000000,92.0000000,470.4146341,1185.9902439,0.8181427
113.0000000,48.0000000,512.3722222,1125.1166667,0.5146105
122.0000000,145.0000000,338.4129794,1298.1769912,1.2576456
160.0000000,6.0000000,472.7657431,1165.8539043,0.3587974
55.0000000,180.0000000,322.0079365,1258.5026455,1.5017750
44.0000000,177.0000000,332.8575668,1254.8041543,1.4822916
56.0000000,87.0000000,512.2587209,1123.2093023,0.7324532
162.0000000,56.0000000,435.3009119,1241.4498480,0.6724853
139.0000000,13.0000000,508.0024631,1120.9359606,0.3135589
124.0000000,102.0000000,431.9932127,1259.1063348,0.8917920
29.0000000,58.0000000,562.3979592,1006.5637755,0.4485561
135.0000000,179.0000000,216.0000000,1337.0000000,-1.5594811
169.0000000,43.0000000,418.4934726,1255.8511749,0.6472147
134.0000000,82.0000000,434.5266525,1249.0063966,0.8051773
147.0000000,120.0000000,350.6596737,1311.9020979,1.0992035
49.0000000,27.0000000,576.1262729,945.1018330,0.2087867
120.0000000,105.0000000,431.3218391,1262.7425287,0.8886435
181.0000000,174.0000000,136.9538462,1366.0953846,-1.5219342
40.0000000,87.0000000,530.5156695,1093.0113960,0.7041306
31.0000000,50.0000000,565.5117925,982.9363208,0.4006579
119.0000000,120.0000000,394.9136691,1276.8525180,1.0692822
124.0000000,19.0000000,521.2780488,1095.7731707,0.2950702
170.0000000,72.0000000,391.8392857,1291.5505952,0.7790281
18.0000000,136.0000000,464.0429799,1166.6103152,1.0725403
66.0000000,154.0000000,382.4420732,1246.1951220,1.2944222
144.0000000,31.0000000,490.8701299,1164.4233766,0.4410100
82.0000000,123.0000000,428.4498567,1236.7077364,1.0296716
35.0000000,107.0000000,504.9389535,1132.3284884,0.8538544
118.0000000,80.0000000,476.7055394,1206.4227405,0.7539550
113.0000000,128.0000000,395.8914474,1277.9934211,1.0989616
55.0000000,109.0000000,483.5305466,1173.5819936,0.8935887
65.0000000,19.0000000,573.5617978,967.9213483,0.1477823
33.0000000,47.0000000,569.9353100,977.5633423,0.3435977
85.0000000,168.0000000,322.0000000,1286.3643617,1.4258529
65.0000000,48.0000000,545.1738035,1063.2518892,0.4290412
36.0000000,102.0000000,518.8847185,1104.3619303,0.7718052
86.0000000,133.0000000,411.5930233,1247.9534884,1.1112986
119.0000000,152.0000000,314.4495413,1304.9633028,1.3435118
21.0000000,173.0000000,364.1022727,1232.6193182,1.4259078
129.0000000,44.0000000,501.5594059,1150.1386139,0.4856949
112.0000000,109.0000000,436.4816248,1247.5145068,0.9234873
173.0000000,121.0000000,285.2940109,1351.1470054,1.1632274
71.0000000,113.0000000,455.7197802,1210.7527473,0.9513117
111.0000000,158.0000000,307.5598958,1309.4947917,1.3754444
37.0000000,173.0000000,347.8484043,1252.7473404,1.4406021
124.0000000,13.0000000,528.3000000,1081.3902439,0.2457235
123.0000000,87.0000000,459.6020000,1226.4320000,0.7863562
16.0000000,42.0000000,588.0984043,947.7047872,0.2858794
158.0000000,120.0000000,327.0987342,1338.1392405,1.1194260
133.0000000,98.0000000,405.4693069,1279.1980198,0.9502321
43.0000000,130.0000000,454.5387324,1201.3943662,1.0749988
47.0000000,71.0000000,539.7922849,1076.8516320,0.5931799
116.0000000,13.0000000,546.6552567,1047.6821516,0.1948657
141.0000000,27.0000000,500.3265823,1138.9443038,0.3844212
180.0000000,165.0000000,173.1035422,1365.4250681,1.5193784
2.0000000,135.0000000,473.7827381,1142.4851190,1.0569440
165.0000000,98.0000000,357.9511719,1311.2500000,0.9930007
139.0000000,141.0000000,310.9444444,1321.8015873,1.2368809
58.0000000,168.0000000,333.9040698,1273.4273256,1.4107184
50.0000000,115.0000000,473.5161290,1186.3709677,0.9565686
156.0000000,175.0000000,196.5000000,1346.5000000,-1.5695437
37.0000000,8.0000000,505.9203980,1096.7014925,0.6930543
128.0000000,115.0000000,399.2161458,1273.9401042,1.0235898
35.0000000,68.0000000,554.5184211,1030.1631579,0.5093011
27.0000000,177.0000000,367.3909091,1232.0303030,1.4185665
90.0000000,117.0000000,445.9747748,1227.9441441,0.9694880
166.0000000,0.0000000,471.4328358,1167.7338308,0.3263320
65.0000000,29.0000000,560.0094340,1007.2971698,0.2550024
138.0000000,46.0000000,488.5672823,1172.0844327,0.5430836
75.0000000,113.0000000,453.3201220,1217.5091463,0.9480324
86.0000000,65.0000000,515.9505208,1132.8229167,0.6206309
67.0000000,160.0000000,365.6159601,1261.1346633,1.3260340
121.0000000,67.0000000,479.5254692,1184.4879357,0.6772073
73.0000000,119.0000000,449.7414449,1223.7433460,0.9764785
60.0000000,4.0000000,581.2958115,933.4790576,0.0285073
58.0000000,141.0000000,433.3928571,1216.9132653,1.1280777
0.0000000,25.0000000,571.7142857,947.3313492,0.4539775
88.0000000,59.0000000,528.8830549,1096.3747017,0.5202673
71.0000000,17.0000000,573.1742424,978.2095960,0.1479300
62.0000000,117.0000000,476.8882175,1176.7613293,0.9277699
112.0000000,112.0000000,422.8816901,1252.5943662,0.9993800
180.0000000,49.0000000,405.0342205,1287.3022814,0.7026369
172.0000000,8.0000000,447.1636829,1209.8567775,0.4229842
110.0000000,49.0000000,515.7735849,1135.8463612,0.5042041
131.0000000,49.0000000,500.5734072,1163.5955679,0.5320331
115.0000000,43.0000000,521.0227273,1134.0426136,0.4887486
42.0000000,78.0000000,536.5525526,1086.4324324,0.6506980
175.0000000,179.0000000,138.2713178,1360.7674419,-1.4653686
124.0000000,4.0000000,529.1478697,1080.9323308,0.2210772
173.0000000,84.0000000,368.8422713,1315.0820189,0.8774060
30.0000000,166.0000000,375.3917808,1239.4520548,1.3592378
127.0000000,2.0000000,535.1679389,1070.3206107,0.1911594
18.0000000,125.0000000,493.0424929,1133.7025496,0.9556360
93.0000000,60.0000000,528.1232227,1117.8033175,0.5563127
132.0000000,146.0000000,319.8196286,1316.8885942,1.2648504
180.0000000,83.0000000,340.4184615,1328.9723077,0.9382664
92.0000000,7.0000000,565.2969543,989.2131980,0.1100512
96.0000000,41.0000000,540.7331671,1067.4214464,0.3730356
173.0000000,40.0000000,425.5376344,1244.9005376,0.6023912
102.0000000,179.0000000,267.5000000,1304.5000000,1.5411007
152.0000000,74.0000000,426.4937500,1266.0541667,0.8215604
71.0000000,7.0000000,583.4183673,946.7857143,0.0719576
81.0000000,72.0000000,524.0501393,1109.7409471,0.6159612
137.0000000,35.0000000,506.5370370,1142.3915344,0.4388576
166.0000000,118.0000000,317.9764706,1333.0254902,1.1247438
17.0000000,165.0000000,387.7279412,1221.0245098,1.3425638
42.0000000,118.0000000,480.7142857,1159.1279762,0.9561229
168.0000000,72.0000000,400.4650456,1285.1276596,0.8015301
103.0000000,5.0000000,562.8317536,1003.2227488,0.1216277
115.0000000,57.0000000,513.7506562,1135.8582677,0.5380621
118.0000000,3.0000000,547.6473552,1037.2644836,0.1478143
53.0000000,46.0000000,553.8478261,1022.1264822,0.3905509
149.0000000,164.0000000,232.6521739,1350.3043478,1.4617287
46.0000000,54.0000000,558.2367758,1017.5088161,0.4620374
93.0000000,139.0000000,392.3890490,1259.4034582,1.1645964
171.0000000,144.0000000,243.8571429,1351.5472155,1.3420256
18.0000000,140.0000000,453.0054348,1185.4329710,1.1020105
33.0000000,142.0000000,446.5900277,1186.7423823,1.1298858
88.0000000,16.0000000,561.8102190,1007.3163017,0.1738181
11.0000000,148.0000000,455.4882812,1163.6171875,1.1054648
168.0000000,18.0000000,463.2950000,1194.5350000,0.4326596
164.0000000,46.0000000,440.6098191,1229.5891473,0.5789483
59.0000000,71.0000000,526.7087912,1102.2472527,0.6105178
67.0000000,54.0000000,537.8716356,1065.6252588,0.4957531
135.0000000,74.0000000,460.5864979,1225.4831224,0.7526229
106.0000000,147.0000000,350.6189189,1288.3270270,1.2542822
27.0000000,21.0000000,569.7304965,990.1016548,0.4664654
103.0000000,100.0000000,459.5371429,1218.2857143,0.8806332
81.0000000,48.0000000,536.7279236,1079.0334129,0.4557456
21.0000000,141.0000000,462.4761029,1172.9025735,1.1019729
157.0000000,41.0000000,462.9098143,1204.6419098,0.5432021
115.0000000,25.0000000,535.5092348,1082.7757256,0.3033487
127.0000000,75.0000000,475.5652174,1204.8558352,0.7061161
97.0000000,108.0000000,447.3900185,1235.1367837,0.9498400
116.0000000,111.0000000,423.8591954,1252.6408046,0.9866720
150.0000000,147.0000000,277.6641221,1341.5597964,1.3212553
8.0000000,165.0000000,396.1026393,1211.2023460,1.3469764
145.0000000,112.0000000,375.5369318,1296.9744318,1.0458621
14.0000000,21.0000000,544.1096491,991.3969298,0.2959173
167.0000000,67.0000000,419.8278530,1274.8452611,0.7526873
81.0000000,93.0000000,481.2961877,1192.0498534,0.8096123
106.0000000,17.0000000,548.3206651,1044.3942993,0.2189010
51.0000000,180.0000000,335.4359673,1257.5803815,1.4787690
147.0000000,131.0000000,330.6539510,1314.3269755,1.1884304
5.0000000,146.0000000,454.7438795,1167.7363465,1.1116270
91.0000000,36.0000000,551.5639687,1058.6031332,0.3397009
128.0000000,108.0000000,415.9915254,1266.7175141,0.9473905
49.0000000,46.0000000,559.7345538,1007.5514874,0.3680065
51.0000000,90.0000000,524.8845070,1108.5971831,0.6957435
101.0000000,35.0000000,542.5815085,1065.6131387,0.3461533
137.0000000,120.0000000,373.1107784,1291.6167665,1.0544157
105.0000000,171.0000000,279.9227053,1314.2367150,1.4770216
23.0000000,63.0000000,568.7571802,990.9582245,0.4613224
157.0000000,102.0000000,372.9560976,1299.4268293,0.9781696
128.0000000,12.0000000,520.0976744,1094.0186047,0.2628356
0.0000000,14.0000000,570.2581454,950.1077694,0.0966298
82.0000000,135.0000000,417.7260274,1239.4246575,1.1078008
19.0000000,1.0000000,566.6409692,988.7378855,0.4945120
41.0000000,105.0000000,523.0696379,1101.7910864,0.7818757
39.0000000,151.0000000,434.7398119,1190.2727273,1.1683445
112.0000000,53.0000000,516.1223404,1138.6063830,0.5231924
60.0000000,41.0000000,554.1980583,1016.3922330,0.3355052
33.0000000,99.0000000,523.1568047,1097.9733728,0.7491914
175.0000000,99.0000000,334.0066667,1327.8422222,1.0056643
96.0000000,138.0000000,373.3852691,1280.5212465,1.1686428
100.0000000,107.0000000,440.2480769,1240.7538462,0.9492900
143.0000000,28.0000000,497.1600000,1151.4425000,0.4055263
171.0000000,179.0000000,166.5427350,1349.5641026,-1.5359933
6.0000000,28.0000000,481.1873278,1178.0165289,0.8298220
28.0000000,131.0000000,475.4824561,1158.1052632,1.0100679
115.0000000,77.0000000,485.7220844,1188.0496278,0.7210676
146.0000000,46.0000000,474.1876751,1184.4229692,0.5494924
157.0000000,159.0000000,245.9556075,1343.2102804,1.4259271
5.0000000,175.0000000,372.6532663,1216.9447236,1.4254377
97.0000000,121.0000000,428.6327684,1239.8305085,1.0376085
72.0000000,74.0000000,521.6078431,1128.0840336,0.6388656
111.0000000,81.0000000,480.7547170,1183.5579515,0.7345272
88.0000000,68.0000000,513.0662100,1132.6278539,0.6174835
56.0000000,166.0000000,365.5277045,1255.8997361,1.3391320
151.0000000,72.0000000,436.6495726,1250.3817664,0.7549683
46.0000000,175.0000000,338.8593750,1260.9296875,1.4342044
32.0000000,9.0000000,532.9773300,1077.8841310,0.6562416
75.0000000,15.0000000,575.6284289,966.4613466,0.1201643
156.0000000,48.0000000,466.9251497,1217.2005988,0.5901934
43.0000000,101.0000000,503.8044693,1132.7653631,0.8104580
118.0000000,147.0000000,332.6543624,1290.1040268,1.2971635
49.0000000,95.0000000,510.6781915,1126.0877660,0.7778885
28.0000000,90.0000000,534.3401163,1075.1453488,0.7038572
121.0000000,29.0000000,529.3392405,1088.5088608,0.3294034
160.0000000,115.0000000,341.1267606,1320.7183099,1.0643208
180.0000000,99.0000000,312.1852861,1339.2615804,1.0442028
84.0000000,49.0000000,530.6801619,1082.7995951,0.4530636
93.0000000,37.0000000,541.7909091,1061.1727273,0.3582147
113.0000000,174.0000000,280.1119221,1305.2506083,1.4966496
125.0000000,180.0000000,244.0000000,1320.5000000,1.5616357
53.0000000,28.0000000,549.3391304,1056.6413043,0.5237107
68.0000000,123.0000000,470.9408284,1182.8639053,0.9667180
95.0000000,38.0000000,543.2576531,1068.0535714,0.3627880
69.0000000,74.0000000,526.0347594,1110.9598930,0.5998991
172.0000000,145.0000000,238.1820388,1359.5655340,1.3404854
106.0000000,129.0000000,379.1104816,1281.2492918,1.1213204
172.0000000,136.0000000,261.1059730,1348.5568401,1.2580193
8.0000000,27.0000000,595.0000000,1452.0000000,-0.0007164
127.0000000,177.0000000,252.0000000,1315.0000000,1.5461448
72.0000000,23.0000000,550.3732719,1009.8041475,0.2607583
17.0000000,91.0000000,552.0597826,1047.3233696,0.6440084
14.0000000,167.0000000,407.8904494,1196.1797753,1.3151385
115.0000000,17.0000000,537.8588517,1058.2703349,0.2267114
131.0000000,82.0000000,456.7586207,1222.4252874,0.7590076
136.0000000,102.0000000,409.6525424,1266.6843220,0.9149577
60.0000000,159.0000000,362.9181586,1266.8925831,1.3241667
15.0000000,115.0000000,511.7407407,1097.9458689,0.8816111
20.0000000,74.0000000,556.1146667,1014.8800000,0.5532679
0.0000000,67.0000000,570.6142506,954.0442260,0.4538110
135.0000000,169.0000000,249.8532609,1329.4972826,1.4938607
74.0000000,154.0000000,350.6146096,1279.3324937,1.2974898
133.0000000,125.0000000,366.8468208,1292.6618497,1.1176490
175.0000000,111.0000000,309.3578337,1342.2011605,1.0992846
31.0000000,117.0000000,493.0226629,1143.7620397,0.9141593
15.0000000,140.0000000,465.1606061,1157.1000000,1.0667155
65.0000000,57.0000000,545.8620690,1058.3405172,0.4709379
163.0000000,6.0000000,491.9290780,1159.0756501,0.3149150
152.0000000,102.0000000,383.8195266,1294.6508876,0.9604885
56.0000000,123.0000000,452.7780083,1204.8630705,1.0391780
157.0000000,107.0000000,358.4175000,1303.6875000,1.0254941
106.0000000,161.0000000,296.8624709,1312.2284382,1.3937428
119.0000000,178.0000000,247.0000000,1321.5000000,1.5521958
55.0000000,153.0000000,382.0000000,1252.2314540,1.2732971
46.0000000,151.0000000,400.0294118,1239.3986928,1.2365916
142.0000000,21.0000000,505.7234568,1134.5506173,0.3519582
173.0000000,92.0000000,359.0835821,1318.7343284,0.9191551
126.0000000,149.0000000,306.1889764,1319.5721785,1.3016319
57.0000000,21.0000000,575.7964602,964.7300885,0.1780359
37.0000000,31.0000000,577.3718861,929.2775801,0.1818532
52.0000000,15.0000000,584.9952941,913.0400000,0.0815367
66.0000000,44.0000000,551.8954758,1012.5538222,0.3434012
170.0000000,10.0000000,467.1424870,1182.4922280,0.3729776
17.0000000,45.0000000,553.5235849,1041.5235849,0.3845112
23.0000000,13.0000000,581.9780776,867.4991568,0.0618892
58.0000000,19.0000000,581.4195980,937.3065327,0.1421148
52.0000000,100.0000000,509.9695291,1120.1135734,0.7872169
125.0000000,27.0000000,529.9713542,1099.1979167,0.3470848
10.0000000,89.0000000,545.9861878,1040.5580110,0.6535320
40.0000000,6.0000000,588.4803150,883.5748031,0.0162511
57.0000000,158.0000000,393.7226027,1229.4828767,1.2578475
156.0000000,130.0000000,312.3094556,1330.0945559,1.2018723
161.0000000,30.0000000,457.1135135,1210.3378378,0.5088473
5.0000000,73.0000000,567.5159420,1006.4753623,0.5410497
165.0000000,119.0000000,315.9512195,1330.4221388,1.1353712
118.0000000,40.0000000,513.3906250,1125.1744792,0.4464393
66.0000000,36.0000000,567.1240310,1023.5788114,0.3004561
136.0000000,67.0000000,469.9205479,1202.7890411,0.6711524
78.0000000,112.0000000,453.7061611,1224.6232227,0.9907028
153.0000000,69.0000000,438.4437870,1247.8698225,0.7316531
136.0000000,72.0000000,452.3444730,1223.1670951,0.7251425
140.0000000,22.0000000,495.9090909,1131.7777778,0.3729896
9.0000000,82.0000000,553.1711957,1022.2826087,0.6073274
122.0000000,23.0000000,535.5255102,1078.5408163,0.2914144
54.0000000,161.0000000,379.3876404,1247.7528090,1.3118646
2.0000000,58.0000000,572.8806683,939.5059666,0.3993533
81.0000000,78.0000000,515.0535211,1125.6619718,0.6675156
89.0000000,163.0000000,337.8896552,1284.7103448,1.3529055
22.0000000,132.0000000,473.8435583,1156.8251534,1.0198020
1.0000000,80.0000000,560.2402089,997.3890339,0.5723203
23.0000000,178.0000000,376.5447570,1209.5907928,1.4259196
141.0000000,154.0000000,287.7256410,1328.4230769,1.3607012
48.0000000,131.0000000,457.7279550,1205.2326454,1.0393063
83.0000000,9.0000000,566.5288462,982.2980769,0.0984984
88.0000000,111.0000000,460.2484848,1205.6757576,0.8990845
64.0000000,23.0000000,570.5731415,989.0791367,0.1914902
70.0000000,73.0000000,529.7408377,1099.5418848,0.5892616
104.0000000,57.0000000,516.9436997,1127.9946381,0.5523254
49.0000000,69.0000000,543.8037634,1069.6182796,0.5526724
34.0000000,8.0000000,588.6061381,879.5498721,0.0137745
117.0000000,166.0000000,286.9571046,1314.1045576,1.4321996
128.0000000,59.0000000,476.4709141,1192.1357341,0.6261523
162.0000000,65.0000000,425.6455331,1257.5389049,0.7166579
128.0000000,20.0000000,523.0329949,1099.5862944,0.3066403
152.0000000,94.0000000,403.3601108,1282.6897507,0.8982149
34.0000000,13.0000000,582.2018141,937.3492063,0.0946791
108.0000000,151.0000000,344.9356436,1289.6584158,1.2793383
150.0000000,103.0000000,377.7175732,1295.9581590,1.0026966
35.0000000,144.0000000,433.6245955,1205.5145631,1.1585300
168.0000000,118.0000000,310.1448141,1336.3992172,1.1387719
165.0000000,93.0000000,354.9849850,1316.4054054,0.9620143
160.0000000,34.0000000,447.9238579,1222.1979695,0.5437927
172.0000000,86.0000000,371.9771429,1310.3000000,0.8791053
71.0000000,97.0000000,479.4314869,1178.8396501,0.8422828
141.0000000,142.0000000,308.3529412,1317.7401961,1.2766766
116.0000000,76.0000000,468.2885572,1207.4129353,0.7467473
10.0000000,145.0000000,456.3954802,1174.7419962,1.1062242
89.0000000,47.0000000,536.7178503,1074.4760077,0.4445934
78.0000000,120.0000000,455.5501520,1208.5471125,0.9618883
31.0000000,53.0000000,574.5550000,989.5975000,0.4008799
19.0000000,78.0000000,557.5940860,1018.5268817,0.5503387
91.0000000,95.0000000,479.9679300,1181.7142857,0.8232953
2.0000000,31.0000000,589.4617169,855.1832947,0.1343549
79.0000000,164.0000000,345.9152941,1277.0470588,1.3474290
61.0000000,131.0000000,433.2583732,1223.2464115,1.1069194
175.0000000,34.0000000,437.6666667,1243.3515152,0.5520398
149.0000000,21.0000000,489.2440087,1149.9912854,0.3814593
80.0000000,84.0000000,494.3132184,1170.9655172,0.7382751
6.0000000,170.0000000,399.6204986,1201.8421053,1.3387370
75.0000000,165.0000000,344.0688705,1269.7548209,1.4040021
172.0000000,47.0000000,416.8351351,1258.7432432,0.6511864
72.0000000,32.0000000,557.0246305,1026.0221675,0.2913433
64.0000000,3.0000000,581.4222222,931.4972222,0.0353983
40.0000000,25.0000000,578.7947598,935.7445415,0.1545412
77.0000000,18.0000000,571.8042959,977.5322196,0.1712414
82.0000000,160.0000000,360.1823056,1267.4798928,1.3247318
47.0000000,60.0000000,551.6955381,1047.1863517,0.4994259
37.0000000,143.0000000,450.7209776,1187.3910387,1.0894636
169.0000000,117.0000000,313.2235772,1338.0853659,1.1332427
78.0000000,63.0000000,537.7736626,1107.7325103,0.5254801
142.0000000,156.0000000,280.7647059,1332.5882353,1.3547383
129.0000000,123.0000000,365.0615836,1303.4750733,1.1035676
72.0000000,136.0000000,410.1107955,1244.2357955,1.1100628
100.0000000,17.0000000,554.2149758,1032.8236715,0.1934057
19.0000000,34.0000000,578.3472222,908.8154762,0.1845521
53.0000000,39.0000000,567.2400000,971.4266667,0.2861272
60.0000000,165.0000000,377.9000000,1242.5416667,1.3378316
39.0000000,137.0000000,453.1703704,1188.0592593,1.0758954
48.0000000,65.0000000,547.7590674,1049.7020725,0.5280295
136.0000000,168.0000000,250.4414169,1331.5640327,1.4519625
15.0000000,178.0000000,358.5710526,1232.1236842,1.4519322
121.0000000,128.0000000,385.5178571,1280.6488095,1.1165939
92.0000000,64.0000000,513.8923679,1130.9863014,0.5786957
176.0000000,126.0000000,273.4953052,1350.8849765,1.1921025
92.0000000,85.0000000,484.8575851,1172.7987616,0.7405638
129.0000000,149.0000000,324.7685460,1314.9584570,1.2763259
127.0000000,115.0000000,387.7661290,1279.4489247,1.0456934
73.0000000,15.0000000,571.0169492,965.2566586,0.1074754
2.0000000,34.0000000,587.1532847,866.6496350,0.1426709
153.0000000,75.0000000,437.4971264,1250.6235632,0.7449867
170.0000000,24.0000000,446.4153439,1217.3756614,0.4871629
108.0000000,141.0000000,363.4742991,1281.5070093,1.1909190
117.0000000,77.0000000,473.9517426,1203.7533512,0.7509149
52.0000000,171.0000000,350.5660848,1257.5286783,1.4052655
123.0000000,0.0000000,537.0179949,1056.4344473,0.1597195
144.0000000,54.0000000,474.5380577,1191.9160105,0.5619705
105.0000000,27.0000000,541.4447236,1062.9346734,0.2904827
7.0000000,6.0000000,590.0000000,905.0000000,0.0098223
135.0000000,161.0000000,270.4878049,1327.8682927,1.4199906
161.0000000,28.0000000,457.2416107,1206.1991051,0.5036313
91.0000000,121.0000000,422.4983819,1238.4854369,1.0141118
116.0000000,20.0000000,533.3488943,1073.7321867,0.2773949
161.0000000,134.0000000,298.7900677,1339.8961625,1.2172448
40.0000000,95.0000000,517.3457143,1117.1057143,0.7727576
60.0000000,70.0000000,537.7958115,1080.2015707,0.5965938
35.0000000,131.0000000,470.6360856,1169.4831804,1.0151018
88.0000000,105.0000000,467.5213415,1201.4603659,0.9162417
25.0000000,73.0000000,553.3061224,1024.0765306,0.5526090
95.0000000,150.0000000,355.8392857,1286.1479592,1.2577158
162.0000000,96.0000000,373.7202268,1304.5444234,0.9557483
113.0000000,26.0000000,535.1348039,1075.5710784,0.3013810
67.0000000,47.0000000,550.1404358,1048.9661017,0.3878404
167.0000000,34.0000000,452.0142045,1215.4886364,0.5273257
56.0000000,34.0000000,557.2538330,996.2214651,0.2957812
117.0000000,84.0000000,471.5654102,1210.0931264,0.7733470
155.0000000,61.0000000,450.1891892,1240.9849850,0.6871845
2.0000000,138.0000000,475.4245283,1139.2264151,1.0479318
32.0000000,152.0000000,432.9820896,1191.3402985,1.1926071
17.0000000,130.0000000,481.8092643,1142.3869210,1.0146014
63.0000000,11.0000000,579.7054455,942.5990099,0.0752339
36.0000000,178.0000000,358.0000000,1233.3527919,1.4408505
55.0000000,66.0000000,540.4010840,1073.9783198,0.5564472
134.0000000,33.0000000,508.1167109,1130.3183024,0.3979032
32.0000000,148.0000000,435.1239437,1201.9098592,1.1567925
132.0000000,35.0000000,508.2301587,1134.8015873,0.4212109
67.0000000,53.0000000,544.9780488,1070.9853659,0.4424306
134.0000000,103.0000000,405.8518519,1265.6274510,0.9366177
156.0000000,47.0000000,454.8614130,1221.1494565,0.5927120
26.0000000,27.0000000,562.0115741,1022.0231481,0.2445545
141.0000000,69.0000000,461.6638116,1224.0556745,0.7131396
31.0000000,171.0000000,364.9040404,1240.3282828,1.3865520
123.0000000,157.0000000,304.2371134,1306.1814433,1.3737054
90.0000000,102.0000000,461.5312500,1210.1079545,0.8878538
95.0000000,13.0000000,558.3650386,1017.6298201,0.1597697
69.0000000,7.0000000,576.4348894,950.2211302,0.0586398
160.0000000,133.0000000,294.2958904,1339.6602740,1.2042265
138.0000000,24.0000000,493.3311258,1151.6777042,0.3999651
137.0000000,161.0000000,270.8280098,1329.7616708,1.4120774
112.0000000,7.0000000,541.1840491,1054.6830266,0.1830109
123.0000000,157.0000000,312.5225653,1301.8978622,1.3384772
159.0000000,146.0000000,264.3802469,1340.9679012,1.3505560
118.0000000,173.0000000,248.5558376,1323.6573604,1.5142064
79.0000000,122.0000000,432.2869822,1228.1804734,1.0490189
115.0000000,43.0000000,512.8263158,1115.4131579,0.4473267
141.0000000,11.0000000,513.1809045,1109.4798995,0.2796664
141.0000000,146.0000000,314.4654255,1319.0345745,1.2734079
133.0000000,65.0000000,457.9414226,1214.3702929,0.6995613
180.0000000,176.0000000,144.5678571,1365.6464286,-1.5274328
152.0000000,124.0000000,312.7178771,1329.5782123,1.1916906
120.0000000,53.0000000,503.3252688,1156.6881720,0.5511742
172.0000000,39.0000000,435.5464481,1244.8087432,0.5846069
152.0000000,23.0000000,481.2519481,1168.2389610,0.4225053
42.0000000,167.0000000,373.4850136,1238.6566757,1.3603380
62.0000000,148.0000000,401.6135693,1231.8849558,1.2292999
25.0000000,45.0000000,571.2665148,956.9589977,0.3290963
156.0000000,166.0000000,221.4169096,1355.3323615,1.4551417
170.0000000,136.0000000,259.9710468,1352.5946548,1.2831626
132.0000000,11.0000000,516.7608696,1107.5531401,0.2798210
5.0000000,129.0000000,493.8830769,1121.6430769,0.9579201
0.0000000,75.0000000,561.1627907,992.0051680,0.5470435
82.0000000,85.0000000,504.8556150,1142.6684492,0.7179674
67.0000000,100.0000000,498.1108374,1164.3152709,0.7981920
59.0000000,15.0000000,575.1811594,955.7125604,0.1079453
57.0000000,106.0000000,499.4659401,1149.7084469,0.8233772
69.0000000,143.0000000,414.7430939,1231.0718232,1.1518469
134.0000000,30.0000000,503.8450000,1133.1450000,0.3952281
181.0000000,170.0000000,162.9955947,1361.6651982,1.5512458
151.0000000,116.0000000,335.2033493,1316.9282297,1.1272146
100.0000000,76.0000000,492.7457143,1169.5428571,0.7165452
180.0000000,132.0000000,249.8242950,1358.3687636,1.2669199
102.0000000,125.0000000,393.4556575,1271.2538226,1.0918138
120.0000000,128.0000000,379.2716763,1280.3005780,1.1236531
76.0000000,52.0000000,540.5823293,1067.3453815,0.4484291
3.0000000,25.0000000,587.2395062,840.4049383,0.0772470
31.0000000,92.0000000,542.6760563,1053.1098592,0.6691214
175.0000000,131.0000000,268.5581395,1355.0253700,1.2464494
21.0000000,113.0000000,507.0660377,1119.5094340,0.8797594
96.0000000,121.0000000,427.6867470,1236.2560241,1.0399206
166.0000000,36.0000000,448.8927614,1219.6112601,0.5405931
52.0000000,97.0000000,507.9277457,1145.7514451,0.7777653
24.0000000,176.0000000,372.2773109,1231.1316527,1.4185614
70.0000000,93.0000000,500.9148352,1151.3763736,0.7796237
74.0000000,108.0000000,480.0028409,1178.9573864,0.8700698
146.0000000,84.0000000,426.6732283,1251.7814961,0.8488148
54.0000000,159.0000000,376.3936782,1258.9310345,1.3001192
160.0000000,74.0000000,422.1140000,1268.5200000,0.7888190
49.0000000,43.0000000,568.5366300,1006.0238095,0.3309123
155.0000000,81.0000000,422.4552239,1269.3880597,0.8223769
138.0000000,124.0000000,362.5348837,1304.1421189,1.0916747
13.0000000,170.0000000,383.1174863,1224.5491803,1.3698602
168.0000000,166.0000000,203.5858824,1355.1223529,1.5137491
117.0000000,129.0000000,375.4760563,1287.8309859,1.1227078
75.0000000,137.0000000,408.5748031,1246.6614173,1.1005185
71.0000000,140.0000000,405.7057357,1248.2743142,1.1170309
50.0000000,135.0000000,443.0378788,1212.1161616,1.0687175
23.0000000,56.0000000,567.0144231,978.4687500,0.4043114
91.0000000,143.0000000,385.4751381,1267.3674033,1.1638424
129.0000000,65.0000000,479.9111748,1195.6103152,0.6377310
88.0000000,121.0000000,430.8653295,1241.6618911,0.9988496
130.0000000,1.0000000,535.3838384,1072.9393939,0.1788179
136.0000000,46.0000000,495.3072464,1159.1391304,0.4760025
54.0000000,81.0000000,523.6124260,1111.5266272,0.6609657
44.0000000,28.0000000,566.4736091,955.1298146,0.2321725
171.0000000,179.0000000,150.0000000,1363.3673469,-1.5111463
29.0000000,51.0000000,597.2551020,1451.0306122,1.3832061
158.0000000,165.0000000,217.0245902,1351.3278689,1.4875507
114.0000000,109.0000000,417.4891304,1260.6630435,0.9974321
125.0000000,16.0000000,523.0865385,1088.5793269,0.2704409
120.0000000,100.0000000,442.0856031,1247.2509728,0.8982623
90.0000000,38.0000000,542.9881517,1067.0213270,0.3761862
118.0000000,67.0000000,487.5197842,1165.9568345,0.6389104
63.0000000,58.0000000,538.5430712,1070.5187266,0.4808225
121.0000000,157.0000000,307.7845745,1311.6755319,1.3556552
31.0000000,6.0000000,571.0632054,1002.9593679,0.4781307
116.0000000,11.0000000,546.3897059,1037.3750000,0.1752981
36.0000000,3.0000000,584.4419890,867.9917127,-0.0426017
115.0000000,75.0000000,483.1256545,1185.3062827,0.6958490
9.0000000,9.0000000,561.4070022,972.0875274,0.2034611
144.0000000,51.0000000,474.6631854,1189.0678851,0.5643699
93.0000000,147.0000000,363.4930556,1280.4143519,1.2322386
88.0000000,180.0000000,282.0050761,1297.0532995,1.5221558
122.0000000,177.0000000,251.5000000,1312.5000000,1.5629870
74.0000000,87.0000000,502.6734104,1154.3901734,0.7511069
52.0000000,55.0000000,556.8379052,1028.4513716,0.4478810
71.0000000,125.0000000,463.0981013,1196.5664557,0.9795527
22.0000000,22.0000000,578.9227642,943.5081301,0.3256104
100.0000000,147.0000000,367.9418960,1281.6758410,1.2137344
52.0000000,12.0000000,574.9135802,976.9259259,0.2284334
71.0000000,86.0000000,517.3118280,1117.5725806,0.6749012
55.0000000,68.0000000,540.6291209,1062.6401099,0.5493831
51.0000000,35.0000000,562.5495652,980.3965217,0.2721995
76.0000000,102.0000000,489.3016760,1167.1117318,0.8250582
94.0000000,67.0000000,512.7205882,1134.6029412,0.6161010
157.0000000,42.0000000,465.3054054,1203.7324324,0.5401246
98.0000000,14.0000000,559.1634615,1014.4110577,0.1526095
53.0000000,34.0000000,570.7202797,983.0932401,0.2485160
123.0000000,25.0000000,533.6151961,1083.4607843,0.3048749
158.0000000,25.0000000,480.0654450,1177.2853403,0.4236978
96.0000000,36.0000000,541.7270471,1070.3870968,0.3487225
53.0000000,122.0000000,471.7272727,1178.6175549,0.9760200
87.0000000,28.0000000,555.6625310,1027.1240695,0.2680892
44.0000000,31.0000000,573.6171429,956.6438095,0.2073941
51.0000000,3.0000000,589.7992701,890.9489051,-0.0118056
37.0000000,83.0000000,539.0891892,1058.3837838,0.6303443
128.0000000,81.0000000,460.4894837,1216.4799235,0.7841126
85.0000000,149.0000000,363.0000000,1268.3478261,1.2582845
10.0000000,155.0000000,425.7799443,1190.6740947,1.2292449
123.0000000,16.0000000,535.6395939,1075.5862944,0.2457531
168.0000000,45.0000000,436.0631868,1241.1401099,0.6079602
125.0000000,34.0000000,518.0902062,1128.8092784,0.3950581
45.0000000,39.0000000,564.6231343,987.6809701,0.3034462
178.0000000,181.0000000,128.5849057,1366.3207547,-1.4841422
27.0000000,138.0000000,450.4732143,1191.4357143,1.0916674
63.0000000,42.0000000,546.7326531,1020.9836735,0.3703031
164.0000000,37.0000000,455.2176309,1210.6170799,0.5342693
167.0000000,92.0000000,377.3068783,1302.0264550,0.9144457
15.0000000,170.0000000,380.0755208,1223.5052083,1.3745428
56.0000000,145.0000000,417.2719547,1222.7337110,1.1932611
61.0000000,96.0000000,506.2997118,1149.2795389,0.7871329
176.0000000,37.0000000,427.4709141,1244.7506925,0.5889638
114.0000000,133.0000000,374.6297229,1283.4030227,1.1340505
10.0000000,178.0000000,364.4037433,1227.4625668,1.4431999
66.0000000,100.0000000,493.8779070,1156.8779070,0.8353986
21.0000000,109.0000000,518.4138973,1098.0513595,0.8037818
51.0000000,18.0000000,580.7777778,937.9565217,0.1118807
44.0000000,5.0000000,587.6354515,893.0033445,0.0051657
